pkSeqID,proto,saddr,sport,daddr,dport,seq,stddev,N_IN_Conn_P_SrcIP,min,state_number,mean,N_IN_Conn_P_DstIP,drate,srate,max,attack,category,subcategory
3576923,tcp,192.168.100.5,0,192.168.100.3,0,7,0.235357,7,0.598172,2,4.898582,7,0,10.932437,4.999866,0,Normal,Normal
1650441,tcp,192.168.100.147,57126,192.168.100.3,80,189,0.516352,16,0.912216,1,1.428568,100,0.503557,0.632708,1.94492,1,DDoS,HTTP
3577233,udp,192.168.100.150,46295,192.168.217.2,53,17475,0,11,0,4,0,20,0,0.400001,0,0,Normal,Normal
3576925,tcp,192.168.100.3,80,192.168.100.55,8080,1,0.228494,20,0.768694,2,4.947914,2,17.633553,17.634146,4.999863,0,Normal,Normal
3577135,udp,192.168.100.147,38275,192.168.217.2,53,23527,0,18,0,4,0,18,0,0.399866,0,0,Normal,Normal
1650423,tcp,192.168.100.150,54176,192.168.100.3,80,70,0.541152,47,0.000104,1,0.541256,100,0.378094,0.627736,1.082408,1,DDoS,HTTP
1651153,tcp,192.168.100.149,42472,192.168.100.3,80,901,0.905207,89,0,1,0.64012,100,0.248841,0.357752,1.920275,1,DDoS,HTTP
1650691,tcp,192.168.100.149,41814,192.168.100.3,80,441,0.94224,17,0,1,0.666333,100,0.250019,0.357195,1.998861,1,DDoS,HTTP
1650817,tcp,192.168.100.149,41982,192.168.100.3,80,568,0.587517,79,0.000119,1,0.587636,100,0.351043,0.582034,1.175153,1,DDoS,HTTP
3576909,udp,192.168.100.150,56155,255.255.255.255,3289,4081,0,14,0,4,0,2,0,0,0,0,Normal,Normal
1650958,tcp,192.168.100.149,42136,192.168.100.3,80,733,0.011708,55,0,1,0.008279,100,0.589198,0.356429,0.024836,1,DDoS,HTTP
1650890,tcp,192.168.100.149,42072,192.168.100.3,80,613,0.013479,79,7.70E-05,1,0.013556,100,0.291618,0.583235,0.027035,1,DDoS,HTTP
1650954,tcp,192.168.100.147,57410,192.168.100.3,80,651,9.40E-05,45,0,1,5.40E-05,100,0.252153,0.239598,0.000217,1,DDoS,HTTP
1651023,tcp,192.168.100.149,42212,192.168.100.3,80,771,0.014707,93,0,1,0.0104,100,0.590747,0.356744,0.031199,1,DDoS,HTTP
3577043,udp,192.168.100.3,44627,96.7.49.66,53,4020,0,23,0.30755,2,0.30755,1,0,0,0.30755,0,Normal,Normal
3577343,udp,192.168.100.3,8005,205.251.197.206,53,3778,0,74,0.009961,2,0.009961,2,0,0,0.009961,0,Normal,Normal
1650974,tcp,192.168.100.147,57436,192.168.100.3,80,664,3.90E-05,45,0,1,2.30E-05,100,0.252315,0.239683,9.00E-05,1,DDoS,HTTP
1650578,tcp,192.168.100.150,54382,192.168.100.3,80,289,4.50E-05,54,0,1,2.60E-05,100,0.249132,0.09189,0.000104,1,DDoS,HTTP
3577255,udp,192.168.100.147,41246,192.168.217.2,53,26992,0,11,0,4,0,20,0,0.399844,0,0,Normal,Normal
3576889,udp,192.168.100.27,58999,192.168.100.1,53,14,0.08015,2,0.018356,2,0.098505,4,0.001755,0.001755,0.178655,0,Normal,Normal
1651225,tcp,192.168.100.147,57542,192.168.100.3,80,974,0.00289,89,0,1,0.002043,96,0.594107,0.237461,0.00613,1,DDoS,HTTP
1650286,tcp,192.168.100.150,54160,192.168.100.3,80,45,2.118221,38,0,1,2.118221,40,0.472094,0.626397,4.236442,1,DDoS,HTTP
1651011,tcp,192.168.100.149,42188,192.168.100.3,80,759,0.013035,93,0,1,0.009217,100,0.591204,0.356646,0.027652,1,DDoS,HTTP
3577319,udp,192.168.100.3,26308,205.251.194.201,53,3727,0,74,0.281482,2,0.281482,2,0,0,0.281482,0,Normal,Normal
1650625,tcp,192.168.100.147,57214,192.168.100.3,80,397,0.485389,53,0,1,0.343222,100,0.493755,0.178336,1.029665,1,DDoS,HTTP
1651048,tcp,192.168.100.149,42262,192.168.100.3,80,796,0.936141,93,0,1,0.661995,100,0.249536,0.356933,1.985898,1,DDoS,HTTP
3577257,udp,192.168.100.148,59637,224.0.0.251,5353,1617,0,20,0,4,0,8,0,0,0,0,Normal,Normal
1650779,tcp,192.168.100.147,57478,192.168.100.3,80,685,2.27028,46,0,1,1.605331,100,0.303195,0.265591,4.815992,1,DDoS,HTTP
1650469,tcp,192.168.100.148,55480,192.168.100.3,80,355,2.266806,18,0,1,1.602874,100,0.304409,0.092679,4.808622,1,DDoS,HTTP
1651069,tcp,192.168.100.149,42304,192.168.100.3,80,817,0.932629,93,0,1,0.65951,100,0.249517,0.3571,1.978447,1,DDoS,HTTP
3577328,udp,192.168.100.3,16569,205.251.196.32,53,3736,0,74,0.009461,2,0.009461,2,0,0,0.009461,0,Normal,Normal
1651210,tcp,192.168.100.147,57512,192.168.100.3,80,959,0.000123,89,0,1,8.70E-05,96,0.594952,0.23741,0.00026,1,DDoS,HTTP
3577075,tcp,192.168.100.150,54730,52.201.147.106,443,5438,0,14,1.44505,6,1.44505,3,7.612193,8.304211,1.44505,0,Normal,Normal
1650733,tcp,192.168.100.149,41858,192.168.100.3,80,481,0.925495,45,0,1,0.654467,100,0.249423,0.35737,1.963314,1,DDoS,HTTP
3577084,arp,192.168.100.27,-1,192.168.100.1,-1,9555,2.60E-05,4,0.000123,2,0.000158,12,0.0017,0.0017,0.000186,0,Normal,Normal
1650383,tcp,192.168.100.147,57096,192.168.100.3,80,174,0.019462,32,1.921628,1,1.941096,100,0.430691,0.560154,1.960564,1,DDoS,HTTP
3577299,udp,192.168.100.3,41483,192.5.5.241,53,3698,0,29,0.027934,2,0.027934,2,0,0,0.027934,0,Normal,Normal
1650433,tcp,192.168.100.150,54188,192.168.100.3,80,79,0.535486,47,9.70E-05,1,0.535583,100,0.377423,0.627927,1.071068,1,DDoS,HTTP
1650317,tcp,192.168.100.149,41704,192.168.100.3,80,108,0.947668,46,0,1,0.670157,100,0.262989,0.372643,2.010362,1,DDoS,HTTP
1651081,tcp,192.168.100.149,42328,192.168.100.3,80,829,0.915729,93,0,1,0.64756,100,0.24885,0.357193,1.942596,1,DDoS,HTTP
1651008,tcp,192.168.100.149,42186,192.168.100.3,80,758,0.013154,93,0,1,0.009301,100,0.591153,0.356636,0.027904,1,DDoS,HTTP
3576970,udp,192.168.100.148,53917,224.0.0.251,5353,14568,0,12,0,4,0,24,0,0,0,0,Normal,Normal
1651059,tcp,192.168.100.149,42284,192.168.100.3,80,807,0.934403,93,0,1,0.660773,100,0.249533,0.357023,1.982218,1,DDoS,HTTP
1651085,tcp,192.168.100.149,42336,192.168.100.3,80,833,0.915775,93,0,1,0.647591,100,0.248881,0.357228,1.942692,1,DDoS,HTTP
1650526,tcp,192.168.100.148,55510,192.168.100.3,80,370,0.354547,21,0,1,0.250702,100,0.517323,0.100229,0.752107,1,DDoS,HTTP
1651055,tcp,192.168.100.149,42276,192.168.100.3,80,803,0.93434,93,0,1,0.660724,100,0.249505,0.356992,1.98208,1,DDoS,HTTP
3577330,udp,192.168.100.3,50452,192.55.83.30,53,3743,0,74,0.167449,2,0.167449,1,0,0,0.167449,0,Normal,Normal
1650585,tcp,192.168.100.150,54400,192.168.100.3,80,298,5.10E-05,54,0,1,2.90E-05,100,0.249047,0.091897,0.000117,1,DDoS,HTTP
1650877,tcp,192.168.100.149,42046,192.168.100.3,80,600,0.017599,79,9.00E-05,1,0.017688,100,0.291497,0.582994,0.035287,1,DDoS,HTTP
3577360,udp,192.168.100.3,20844,192.31.80.30,53,3816,0,74,0.280742,2,0.280742,2,0,0,0.280742,0,Normal,Normal
1650745,tcp,192.168.100.147,57338,192.168.100.3,80,493,4.10E-05,46,0,1,2.40E-05,100,0.24929,0.178467,9.40E-05,1,DDoS,HTTP
1650373,tcp,192.168.100.147,57076,192.168.100.3,80,164,0.489033,32,1.964262,1,2.453295,100,0.375628,0.502468,2.942329,1,DDoS,HTTP
3577184,udp,192.168.100.148,46101,224.0.0.251,5353,4234,0,14,0,4,0,21,0,0,0,0,Normal,Normal
1650902,tcp,192.168.100.149,42096,192.168.100.3,80,625,0.007575,55,8.70E-05,1,0.007662,100,0.291735,0.583469,0.015237,1,DDoS,HTTP
1650850,tcp,192.168.100.150,54494,192.168.100.3,80,707,0.210852,19,0,1,0.149095,100,0.543813,0.147893,0.447285,1,DDoS,HTTP
1651016,tcp,192.168.100.149,42198,192.168.100.3,80,764,0.012832,93,0,1,0.009074,100,0.590949,0.35669,0.027221,1,DDoS,HTTP
1650321,tcp,192.168.100.149,41712,192.168.100.3,80,112,0.947697,46,0,1,0.670168,100,0.263032,0.372693,2.010414,1,DDoS,HTTP
1650451,tcp,192.168.100.147,57146,192.168.100.3,80,199,0.454112,16,0.973033,1,1.427145,100,0.43313,0.632962,1.881257,1,DDoS,HTTP
1650833,tcp,192.168.100.149,41936,192.168.100.3,80,542,1.267777,79,0,1,1.3327,100,0.272791,0.585391,3.037714,1,DDoS,HTTP
1651121,tcp,192.168.100.149,42408,192.168.100.3,80,869,0.910505,89,0,1,0.643886,100,0.248877,0.357509,1.931534,1,DDoS,HTTP
1651053,tcp,192.168.100.149,42272,192.168.100.3,80,801,0.936164,93,0,1,0.66212,100,0.249572,0.356974,1.986056,1,DDoS,HTTP
1650993,tcp,192.168.100.149,42174,192.168.100.3,80,752,0.013766,55,0,1,0.009734,100,0.589924,0.356575,0.029203,1,DDoS,HTTP
1650327,tcp,192.168.100.149,41724,192.168.100.3,80,118,0.945836,46,0,1,0.668847,100,0.263003,0.372768,2.006461,1,DDoS,HTTP
1650697,tcp,192.168.100.149,41820,192.168.100.3,80,447,0.940411,17,0,1,0.665011,100,0.249957,0.357219,1.994953,1,DDoS,HTTP
1651078,tcp,192.168.100.149,42322,192.168.100.3,80,826,0.917598,93,0,1,0.648884,100,0.248915,0.357172,1.946563,1,DDoS,HTTP
3577143,udp,192.168.100.147,35587,192.168.217.2,53,27539,0,18,0,4,0,18,0,0.399823,0,0,Normal,Normal
3577125,udp,192.168.100.149,43314,192.168.217.2,53,20427,0,14,0,4,0,18,0,0.399822,0,0,Normal,Normal
1650463,tcp,192.168.100.150,54278,192.168.100.3,80,237,0.986519,47,0,1,0.697574,100,0.42028,0.09185,2.092722,1,DDoS,HTTP
1650555,tcp,192.168.100.150,54336,192.168.100.3,80,266,5.40E-05,54,0,1,3.10E-05,100,0.249322,0.091873,0.000124,1,DDoS,HTTP
1650376,tcp,192.168.100.147,57082,192.168.100.3,80,167,0.489089,32,1.964325,1,2.453414,100,0.375661,0.603,2.942504,1,DDoS,HTTP
3577264,udp,192.168.100.148,37054,8.8.8.8,53,1883,0,20,0.007235,2,0.007235,15,0,0,0.007235,0,Normal,Normal
3576981,udp,192.168.100.147,40542,192.168.217.2,53,15663,0,12,0,4,0,8,0,0.399999,0,0,Normal,Normal
1650262,tcp,192.168.100.150,54112,192.168.100.3,80,21,0.544197,38,0.135375,1,0.679572,40,0.468322,0.780536,1.223769,1,DDoS,HTTP
1650548,tcp,192.168.100.150,54322,192.168.100.3,80,259,4.40E-05,54,0,1,2.50E-05,100,0.249668,0.091867,0.000101,1,DDoS,HTTP
3577164,tcp,192.168.100.3,59552,13.55.154.73,8883,41,1.368135,6,0.006303,2,4.225939,1,0.815743,0.815743,4.999998,0,Normal,Normal
1650536,tcp,192.168.100.148,55530,192.168.100.3,80,380,0.354914,21,0,1,0.250962,100,0.51727,0.100235,0.752887,1,DDoS,HTTP
1650603,tcp,192.168.100.149,41790,192.168.100.3,80,314,0.006752,17,0.000104,1,0.006855,100,0.326912,0.653825,0.013607,1,DDoS,HTTP
1650941,tcp,192.168.100.147,57406,192.168.100.3,80,649,3.90E-05,45,0,1,2.20E-05,100,0.252309,0.23959,8.90E-05,1,DDoS,HTTP
3577215,ipv6-icmp,fe80::250:56ff:febe:254,133,ff02::2,0,8513,0,1,0,8,0,3,0,0,0,0,Normal,Normal
1650403,tcp,192.168.100.150,54108,192.168.100.3,80,19,0.458329,47,0.222693,1,0.681022,100,0.569535,0.78042,1.139351,1,DDoS,HTTP
1650994,tcp,192.168.100.149,42176,192.168.100.3,80,753,0.013623,55,0,1,0.009633,100,0.589974,0.356587,0.028898,1,DDoS,HTTP
1651047,tcp,192.168.100.149,42260,192.168.100.3,80,795,0.936134,93,0,1,0.661987,100,0.249531,0.356927,1.98588,1,DDoS,HTTP
1650680,tcp,192.168.100.147,57284,192.168.100.3,80,433,5.90E-05,53,0,1,3.40E-05,100,0.250564,0.1784,0.000136,1,DDoS,HTTP
1650809,tcp,192.168.100.149,41928,192.168.100.3,80,538,1.520496,79,1.936092,1,3.456588,100,0.299328,0.418111,4.977084,1,DDoS,HTTP
1651014,tcp,192.168.100.149,42194,192.168.100.3,80,762,0.01277,93,0,1,0.00903,100,0.591345,0.356675,0.027089,1,DDoS,HTTP
1651123,tcp,192.168.100.149,42412,192.168.100.3,80,871,0.910542,89,0,1,0.643895,100,0.248891,0.357525,1.931595,1,DDoS,HTTP
3576974,udp,192.168.100.150,57854,192.168.217.2,53,14578,0,14,0,4,0,8,0,0.399821,0,0,Normal,Normal
1651043,tcp,192.168.100.149,42252,192.168.100.3,80,791,0.936085,93,0,1,0.661967,100,0.249507,0.356901,1.985791,1,DDoS,HTTP
1650335,tcp,192.168.100.149,41740,192.168.100.3,80,126,0.944021,46,0,1,0.667564,100,0.262979,0.372846,2.002612,1,DDoS,HTTP
1650868,tcp,192.168.100.149,42028,192.168.100.3,80,591,0.021055,79,0.000204,1,0.021259,100,0.291397,0.582793,0.042314,1,DDoS,HTTP
1651064,tcp,192.168.100.149,42294,192.168.100.3,80,812,0.932565,93,0,1,0.659466,100,0.24948,0.357058,1.978312,1,DDoS,HTTP
1650446,tcp,192.168.100.147,57136,192.168.100.3,80,194,0.430841,16,0.997008,1,1.427848,100,0.434533,0.632834,1.858689,1,DDoS,HTTP
1650596,tcp,192.168.100.147,57192,192.168.100.3,80,309,0.002056,25,8.80E-05,1,0.002145,100,0.290786,0.581573,0.004201,1,DDoS,HTTP
3577335,udp,192.168.100.3,40306,192.41.162.30,53,3765,0,74,0.169052,2,0.169052,4,0,0,0.169052,0,Normal,Normal
1650520,tcp,192.168.100.150,54246,192.168.100.3,80,221,0.50087,54,0,1,0.354169,100,0.490447,0.091839,1.062506,1,DDoS,HTTP
1650708,tcp,192.168.100.149,41830,192.168.100.3,80,458,0.936654,45,0,1,0.662375,100,0.24982,0.357254,1.987003,1,DDoS,HTTP
1650599,tcp,192.168.100.147,57198,192.168.100.3,80,312,0.001775,25,9.80E-05,1,0.001873,100,0.290823,0.581646,0.003647,1,DDoS,HTTP
3576952,udp,192.168.100.147,38810,129.250.35.250,123,12832,0,12,0.00697,2,0.00697,1,0,0,0.00697,0,Normal,Normal
1650384,tcp,192.168.100.147,57098,192.168.100.3,80,175,0.019423,32,1.921731,1,1.941154,100,0.430703,0.560166,1.960576,1,DDoS,HTTP
1651216,tcp,192.168.100.147,57524,192.168.100.3,80,965,0.000127,89,0,1,9.00E-05,96,0.594757,0.237434,0.000269,1,DDoS,HTTP
3577101,udp,fe80::250:56ff:febe:e9d9,5353,ff02::fb,5353,13896,0,1,0,4,0,3,0,0,0,0,Normal,Normal
3577097,udp,192.168.100.149,55957,8.8.8.8,53,12689,0,12,0.007815,2,0.007815,14,0,0,0.007815,0,Normal,Normal
3576897,udp,192.168.100.148,36138,192.168.217.2,53,63,0,63,0,4,0,4,0,0.399805,0,0,Normal,Normal
1650717,tcp,192.168.100.150,54430,192.168.100.3,80,332,4.80E-05,8,0,1,2.80E-05,100,0.271392,0.093652,0.000112,1,DDoS,HTTP
1650266,tcp,192.168.100.150,54120,192.168.100.3,80,25,1.113392,38,0,1,1.113392,40,0.898157,0.624985,2.226783,1,DDoS,HTTP
3576887,udp,192.168.100.149,51838,27.124.125.250,123,11,0,26,0.048565,2,0.048565,1,0,0,0.048565,0,Normal,Normal
1650661,tcp,192.168.100.147,57262,192.168.100.3,80,421,4.50E-05,53,0,1,2.60E-05,100,0.275712,0.178377,0.000104,1,DDoS,HTTP
3577337,udp,192.168.100.3,20916,199.19.56.1,53,3767,0,74,0.257886,2,0.257886,2,0,0,0.257886,0,Normal,Normal
3576998,tcp,192.168.100.46,80,192.168.100.5,80,2,0.007897,6,4.946117,2,4.96171,7,0,17.942684,4.998015,0,Normal,Normal
1650826,tcp,192.168.100.149,42000,192.168.100.3,80,577,0.574462,79,0.000263,1,0.574725,100,0.34962,0.582269,1.149187,1,DDoS,HTTP
1650810,tcp,192.168.100.149,41930,192.168.100.3,80,539,1.5203,79,1.936425,1,3.456725,100,0.299334,0.418107,4.977025,1,DDoS,HTTP
1650419,tcp,192.168.100.150,54172,192.168.100.3,80,65,0.550965,47,0.000101,1,0.551066,100,0.379423,0.627628,1.102031,1,DDoS,HTTP
1650995,tcp,192.168.100.149,42178,192.168.100.3,80,754,0.013571,55,0,1,0.009596,100,0.590008,0.356594,0.028788,1,DDoS,HTTP
1650776,tcp,192.168.100.150,54468,192.168.100.3,80,543,1.164351,8,0,1,0.475351,100,0.079341,0.288409,3.327417,1,DDoS,HTTP
1651219,tcp,192.168.100.147,57530,192.168.100.3,80,968,0.002816,89,0,1,0.001991,96,0.593889,0.237441,0.005974,1,DDoS,HTTP
1650503,tcp,192.168.100.147,57148,192.168.100.3,80,200,0.450739,25,0.977103,1,1.427841,100,0.433395,0.632975,1.87858,1,DDoS,HTTP
1651114,tcp,192.168.100.149,42394,192.168.100.3,80,862,0.912332,89,0,1,0.645159,100,0.248906,0.357446,1.935391,1,DDoS,HTTP
3576984,udp,192.168.100.5,56784,192.168.100.1,53,22198,0,7,0.052971,2,0.052971,7,0,0,0.052971,0,Normal,Normal
3577281,udp,192.168.100.3,36968,192.33.14.30,53,3666,0,29,0.010919,2,0.010919,2,0,0,0.010919,0,Normal,Normal
3577290,udp,192.168.100.3,47696,205.251.199.148,53,3682,0,29,0.350171,2,0.350171,2,0,0,0.350171,0,Normal,Normal
3577283,udp,192.168.100.3,40018,192.58.128.30,53,3672,0,29,0.015716,2,0.015716,3,0,0,0.015716,0,Normal,Normal
1650425,tcp,192.168.100.150,54180,192.168.100.3,80,72,0.540588,47,9.10E-05,1,0.540679,100,0.378045,0.627781,1.081266,1,DDoS,HTTP
1650794,tcp,192.168.100.149,41976,192.168.100.3,80,565,0.680135,45,0.826733,1,1.506868,100,0.350596,0.887021,2.187003,1,DDoS,HTTP
1651010,tcp,192.168.100.147,57474,192.168.100.3,80,683,0.441395,7,0,1,0.25484,100,0.27495,0.302323,1.019358,1,DDoS,HTTP
3577032,tcp,192.168.100.3,59552,13.55.154.73,8883,18,1.251197,23,0.006134,2,4.312233,1,0.90097,0.900972,4.999997,0,Normal,Normal
1650834,tcp,192.168.100.149,41938,192.168.100.3,80,546,0.986431,79,0.952414,1,1.938846,100,0.376538,0.896888,2.925277,1,DDoS,HTTP
3577311,udp,192.168.100.3,61382,192.12.94.30,53,3717,0,74,0.166266,2,0.166266,4,0,0,0.166266,0,Normal,Normal
1650963,tcp,192.168.100.147,57420,192.168.100.3,80,656,5.60E-05,45,0,1,3.20E-05,100,0.252224,0.239635,0.000129,1,DDoS,HTTP
1650297,tcp,192.168.100.150,54204,192.168.100.3,80,88,0.026297,38,0.000101,1,0.026398,40,0.314099,0.628198,0.052695,1,DDoS,HTTP
3577028,arp,192.168.100.147,-1,192.168.100.1,-1,4538,0,6,0.000118,2,0.000118,12,0,0,0.000118,0,Normal,Normal
1650269,tcp,192.168.100.150,54126,192.168.100.3,80,28,1.611953,38,0,1,1.611953,40,0.620366,0.625353,3.223905,1,DDoS,HTTP
1651221,tcp,192.168.100.147,57534,192.168.100.3,80,970,0.002819,89,0,1,0.001993,96,0.593963,0.237448,0.00598,1,DDoS,HTTP
1650729,tcp,192.168.100.149,41852,192.168.100.3,80,477,0.925456,45,0,1,0.654433,100,0.249402,0.357347,1.963225,1,DDoS,HTTP
1650507,tcp,192.168.100.147,57156,192.168.100.3,80,204,0.457776,25,0.969164,1,1.42694,100,0.432976,0.633075,1.884716,1,DDoS,HTTP
1650802,tcp,192.168.100.149,41908,192.168.100.3,80,527,0.914375,79,0,1,0.646619,100,0.271706,0.385175,1.939741,1,DDoS,HTTP
1650900,tcp,192.168.100.149,42092,192.168.100.3,80,623,0.007675,79,8.00E-05,1,0.007755,100,0.291721,0.583442,0.015429,1,DDoS,HTTP
3577070,udp,192.168.100.149,57987,8.8.8.8,53,5430,0.000225,12,0.144065,2,0.144295,14,2178.64917,1000000,0.144525,0,Normal,Normal
3577093,udp,192.168.100.149,36033,192.168.217.2,53,11613,0,12,0,4,0,9,0,0.399843,0,0,Normal,Normal
1650959,tcp,192.168.100.147,57418,192.168.100.3,80,655,5.00E-05,45,0,1,2.90E-05,100,0.25221,0.239628,0.000116,1,DDoS,HTTP
3577210,arp,192.168.100.148,-1,192.168.100.1,-1,6340,5.20E-05,20,4.60E-05,2,0.000115,10,0.002335,0.002335,0.000191,0,Normal,Normal
3577287,udp,192.168.100.3,52460,205.251.196.160,53,3677,0,29,0.009688,2,0.009688,2,0,0,0.009688,0,Normal,Normal
1650306,tcp,192.168.100.150,54222,192.168.100.3,80,97,0.013305,21,9.80E-05,1,0.013403,100,0.314219,0.628438,0.026708,1,DDoS,HTTP
1650772,tcp,192.168.100.147,57366,192.168.100.3,80,520,1.216645,46,0,1,0.608356,100,0.252355,0.285591,3.041645,1,DDoS,HTTP
1650511,tcp,192.168.100.147,57168,192.168.100.3,80,210,0.464868,25,0.961282,1,1.426151,100,0.432583,0.633202,1.891019,1,DDoS,HTTP
1650575,tcp,192.168.100.150,54376,192.168.100.3,80,286,4.80E-05,54,0,1,2.80E-05,100,0.249188,0.091888,0.00011,1,DDoS,HTTP
1650283,tcp,192.168.100.150,54154,192.168.100.3,80,42,2.114964,38,0,1,2.114964,40,0.472821,0.626326,4.229928,1,DDoS,HTTP
1651145,tcp,192.168.100.149,42456,192.168.100.3,80,893,0.90702,89,0,1,0.641406,100,0.248872,0.357691,1.924126,1,DDoS,HTTP
1650530,tcp,192.168.100.148,55518,192.168.100.3,80,374,0.354233,21,0,1,0.25048,100,0.517459,0.100232,0.751441,1,DDoS,HTTP
1650987,tcp,192.168.100.149,42162,192.168.100.3,80,746,0.012234,55,0,1,0.008651,100,0.589697,0.35653,0.025953,1,DDoS,HTTP
1650434,tcp,192.168.100.150,54190,192.168.100.3,80,81,0.535067,47,9.40E-05,1,0.535162,100,0.37739,0.627965,1.070229,1,DDoS,HTTP
3577056,udp,192.168.100.150,59360,192.168.217.2,53,4326,0,14,0,4,0,9,0,0.399998,0,0,Normal,Normal
1651151,tcp,192.168.100.149,42468,192.168.100.3,80,899,0.905174,89,0,1,0.640098,100,0.248827,0.357737,1.920207,1,DDoS,HTTP
3577148,udp,192.168.100.147,44499,8.8.8.8,53,30657,0,18,0.007337,2,0.007337,19,0,0,0.007337,0,Normal,Normal
1650409,tcp,192.168.100.149,41670,192.168.100.3,80,57,1.481176,19,0,1,1.047425,100,0.291393,0.372093,3.142124,1,DDoS,HTTP
1650396,tcp,192.168.100.150,54094,192.168.100.3,80,12,0.681214,21,0.000659,1,0.681873,100,0.594407,0.780015,1.363087,1,DDoS,HTTP
1651036,tcp,192.168.100.149,42238,192.168.100.3,80,784,0.9379,93,0,1,0.663249,100,0.249544,0.356848,1.98964,1,DDoS,HTTP
1650901,tcp,192.168.100.149,42094,192.168.100.3,80,624,0.00767,55,8.00E-05,1,0.00775,100,0.291722,0.583444,0.01542,1,DDoS,HTTP
3576910,udp,192.168.100.150,56854,255.255.255.255,1124,4094,0,14,0,4,0,2,0,0,0,0,Normal,Normal
1650762,tcp,192.168.100.147,57356,192.168.100.3,80,510,3.80E-05,46,0,1,2.20E-05,100,0.249183,0.178483,8.70E-05,1,DDoS,HTTP
1650742,tcp,192.168.100.149,41870,192.168.100.3,80,490,0.923697,45,0,1,0.653196,100,0.249376,0.35741,1.9595,1,DDoS,HTTP
3577187,udp,192.168.100.150,53016,224.0.0.251,5353,4241,0,18,0,4,0,21,0,0,0,0,Normal,Normal
1651127,tcp,192.168.100.149,42420,192.168.100.3,80,875,0.908653,89,0,1,0.642583,100,0.248833,0.357554,1.927613,1,DDoS,HTTP
1650935,tcp,192.168.100.149,42108,192.168.100.3,80,719,0.011856,55,0,1,0.008384,100,0.589471,0.356291,0.025151,1,DDoS,HTTP
3577137,udp,192.168.100.150,34222,8.8.8.8,53,23543,0,18,0.006721,2,0.006721,19,0,0,0.006721,0,Normal,Normal
1651196,tcp,192.168.100.149,42542,192.168.100.3,80,938,0.608549,89,8.50E-05,1,0.608634,100,0.356737,0.586205,1.217183,1,DDoS,HTTP
3577256,udp,192.168.100.148,46862,8.8.8.8,53,27021,0,20,0.007215,2,0.007215,15,0,0,0.007215,0,Normal,Normal
1651143,tcp,192.168.100.149,42452,192.168.100.3,80,891,0.907004,89,0,1,0.641388,100,0.248859,0.357676,1.924085,1,DDoS,HTTP
3577310,udp,192.168.100.3,30187,205.251.199.194,53,3716,0,74,0.340996,2,0.340996,1,0,0,0.340996,0,Normal,Normal
1650381,tcp,192.168.100.147,57092,192.168.100.3,80,172,0.019384,32,1.921761,1,1.941139,100,0.430662,0.560128,1.960518,1,DDoS,HTTP
1650813,tcp,192.168.100.149,41934,192.168.100.3,80,541,1.52159,79,1.93646,1,3.45805,100,0.29935,0.501749,4.979641,1,DDoS,HTTP
1650836,tcp,192.168.100.149,41944,192.168.100.3,80,549,0.490294,79,0.936384,1,1.426679,100,0.431091,0.633274,1.916973,1,DDoS,HTTP
1650760,tcp,192.168.100.147,57354,192.168.100.3,80,508,3.20E-05,46,0,1,1.90E-05,100,0.24926,0.178482,7.50E-05,1,DDoS,HTTP
1650998,tcp,192.168.100.147,57450,192.168.100.3,80,671,0.367008,45,0,1,0.211892,100,0.251688,0.383535,0.847568,1,DDoS,HTTP
3577203,udp,192.168.100.147,58949,224.0.0.251,5353,4287,0,11,0,4,0,8,0,0,0,0,Normal,Normal
1650796,tcp,192.168.100.149,41902,192.168.100.3,80,524,0.916083,45,0,1,0.64822,100,0.271762,0.385124,1.943757,1,DDoS,HTTP
1650651,tcp,192.168.100.150,54446,192.168.100.3,80,340,4.30E-05,27,0,1,2.50E-05,100,0.271776,0.093658,0.0001,1,DDoS,HTTP
3577051,udp,192.168.100.3,48989,192.36.148.17,53,4033,0,23,0.057087,2,0.057087,2,0,0,0.057087,0,Normal,Normal
3577153,udp,192.168.100.149,54806,8.8.8.8,53,31738,0,14,0.007011,2,0.007011,19,0,0,0.007011,0,Normal,Normal
1650467,tcp,192.168.100.148,55470,192.168.100.3,80,350,4.70E-05,18,0,1,2.70E-05,100,0.275452,0.090953,0.000108,1,DDoS,HTTP
1650747,tcp,192.168.100.149,41874,192.168.100.3,80,495,0.921759,45,0,1,0.651964,100,0.249311,0.357432,1.955528,1,DDoS,HTTP
1650719,tcp,192.168.100.149,41840,192.168.100.3,80,467,0.934846,45,0,1,0.661082,100,0.249776,0.357298,1.983154,1,DDoS,HTTP
1650795,tcp,192.168.100.149,41900,192.168.100.3,80,523,0.916204,45,0,1,0.648033,100,0.271753,0.385114,1.943741,1,DDoS,HTTP
1651082,tcp,192.168.100.149,42330,192.168.100.3,80,830,0.915736,93,0,1,0.647563,100,0.248856,0.357199,1.942609,1,DDoS,HTTP
1651194,tcp,192.168.100.149,42536,192.168.100.3,80,935,0.890398,89,0.000248,1,0.890646,100,0.594838,0.732661,1.781043,1,DDoS,HTTP
1651068,tcp,192.168.100.149,42302,192.168.100.3,80,816,0.932605,93,0,1,0.659498,100,0.249509,0.357091,1.9784,1,DDoS,HTTP
1651117,tcp,192.168.100.149,42400,192.168.100.3,80,865,0.912376,89,0,1,0.645193,100,0.248923,0.357465,1.935487,1,DDoS,HTTP
1650996,tcp,192.168.100.147,57452,192.168.100.3,80,672,0.366841,45,0,1,0.211796,100,0.251695,0.383541,0.847183,1,DDoS,HTTP
3576927,udp,192.168.100.3,15726,184.85.248.65,53,6740,0,20,0.215891,2,0.215891,1,0,0,0.215891,0,Normal,Normal
1650289,tcp,192.168.100.150,54166,192.168.100.3,80,48,2.121414,38,0,1,2.121414,40,0.471384,0.626504,4.242828,1,DDoS,HTTP
1650971,tcp,192.168.100.149,42146,192.168.100.3,80,738,0.011359,55,0,1,0.008032,100,0.589862,0.356467,0.024096,1,DDoS,HTTP
3576943,udp,fe80::250:56ff:febe:26db,5353,ff02::fb,5353,9298,0,1,0,4,0,4,0,0,0,0,Normal,Normal
1650404,tcp,192.168.100.149,41658,192.168.100.3,80,51,1.486778,19,0,1,1.051354,100,0.291678,0.372043,3.153975,1,DDoS,HTTP
3577045,udp,192.168.100.3,39455,192.33.4.12,53,4024,0,23,0.175987,2,0.175987,2,0,0,0.175987,0,Normal,Normal
1651203,tcp,192.168.100.149,42498,192.168.100.3,80,914,2.209896,7,4.10E-05,1,1.577862,96,0.154515,0.849832,4.703077,1,DDoS,HTTP
1650643,tcp,192.168.100.150,54438,192.168.100.3,80,336,4.80E-05,27,0,1,2.80E-05,100,0.271729,0.093655,0.000111,1,DDoS,HTTP
1651054,tcp,192.168.100.149,42274,192.168.100.3,80,802,0.936228,93,0,1,0.662063,100,0.249579,0.356981,1.98609,1,DDoS,HTTP
3577136,udp,192.168.100.148,37551,192.168.217.2,53,23513,0,14,0,4,0,18,0,0.400018,0,0,Normal,Normal
3577169,udp,192.168.100.46,80,192.168.100.5,80,5,0.007544,3,4.950444,4,4.966808,3,0,19.93346,4.997833,0,Normal,Normal
1650981,tcp,192.168.100.147,57446,192.168.100.3,80,669,3.80E-05,45,0,1,2.20E-05,100,0.252351,0.239702,8.80E-05,1,DDoS,HTTP
1650861,tcp,192.168.100.149,42014,192.168.100.3,80,584,0.033413,79,8.30E-05,1,0.033496,100,0.291319,0.582639,0.066909,1,DDoS,HTTP
1651158,tcp,192.168.100.149,42482,192.168.100.3,80,906,0.905264,89,0,1,0.640158,100,0.248873,0.357788,1.920394,1,DDoS,HTTP
1650292,tcp,192.168.100.150,54194,192.168.100.3,80,83,0.030307,38,0.000102,1,0.030409,40,0.314018,0.628036,0.060716,1,DDoS,HTTP
1651058,tcp,192.168.100.149,42282,192.168.100.3,80,806,0.934376,93,0,1,0.660758,100,0.249526,0.357017,1.982165,1,DDoS,HTTP
1651157,tcp,192.168.100.149,42480,192.168.100.3,80,905,0.905257,89,0,1,0.640154,100,0.248867,0.357781,1.920381,1,DDoS,HTTP
1650919,tcp,192.168.100.149,41962,192.168.100.3,80,558,1.467974,55,0,1,1.467974,100,0.681211,0.506753,2.935948,1,DDoS,HTTP
1651077,tcp,192.168.100.149,42320,192.168.100.3,80,825,0.917568,93,0,1,0.648873,100,0.248908,0.357164,1.94651,1,DDoS,HTTP
1650281,tcp,192.168.100.150,54150,192.168.100.3,80,40,2.115747,38,0,1,2.115747,40,0.472646,0.62603,4.231494,1,DDoS,HTTP
1650856,tcp,192.168.100.150,54506,192.168.100.3,80,713,0.210114,19,0,1,0.148573,100,0.544075,0.147905,0.445719,1,DDoS,HTTP
3577121,arp,192.168.100.1,-1,192.168.100.3,-1,17793,0,3,2.00E-05,2,2.00E-05,7,0,0,2.00E-05,0,Normal,Normal
1651061,tcp,192.168.100.149,42288,192.168.100.3,80,809,0.932529,93,0,1,0.659434,100,0.249463,0.357039,1.978229,1,DDoS,HTTP
1650597,tcp,192.168.100.147,57194,192.168.100.3,80,310,0.001969,25,8.40E-05,1,0.002053,100,0.2908,0.581599,0.004022,1,DDoS,HTTP
1650406,tcp,192.168.100.149,41664,192.168.100.3,80,54,1.484983,19,0,1,1.050085,100,0.291592,0.372065,3.150168,1,DDoS,HTTP
3576935,udp,192.168.100.3,49393,192.12.94.30,53,6762,0,20,0.16424,2,0.16424,1,0,0,0.16424,0,Normal,Normal
3577069,tcp,192.168.100.150,60168,52.11.124.117,443,5429,0,14,0.873009,6,0.873009,4,16.036489,17.181953,0.873009,0,Normal,Normal
1650808,tcp,192.168.100.149,41926,192.168.100.3,80,537,1.520561,79,1.936056,1,3.456617,100,0.299321,0.418104,4.977178,1,DDoS,HTTP
1650892,tcp,192.168.100.149,42076,192.168.100.3,80,615,0.012217,79,7.90E-05,1,0.012296,100,0.291637,0.583275,0.024513,1,DDoS,HTTP
1650506,tcp,192.168.100.147,57154,192.168.100.3,80,203,0.453335,25,0.973114,1,1.426449,100,0.433204,0.633051,1.879784,1,DDoS,HTTP
3577301,udp,192.168.100.3,47904,192.5.5.241,53,3700,0,74,0.028228,2,0.028228,3,0,0,0.028228,0,Normal,Normal
1650282,tcp,192.168.100.150,54152,192.168.100.3,80,41,2.115973,38,0,1,2.115973,40,0.472596,0.626061,4.231945,1,DDoS,HTTP
1650915,tcp,192.168.100.149,41960,192.168.100.3,80,557,1.464835,55,0,1,1.464835,100,0.682671,0.506775,2.92967,1,DDoS,HTTP
1650405,tcp,192.168.100.149,41660,192.168.100.3,80,52,1.484948,19,0,1,1.050061,100,0.291577,0.372052,3.150095,1,DDoS,HTTP
1651050,tcp,192.168.100.149,42266,192.168.100.3,80,798,0.936178,93,0,1,0.662021,100,0.249555,0.356955,1.985976,1,DDoS,HTTP
1650518,tcp,192.168.100.150,54242,192.168.100.3,80,219,0.498052,54,0,1,0.352176,100,0.491685,0.091838,1.056527,1,DDoS,HTTP
3577067,tcp,192.168.100.148,53060,52.11.124.117,443,5426,0,10,1.525284,6,1.525284,4,9.834234,10.489849,1.525284,0,Normal,Normal
1651104,tcp,192.168.100.149,42374,192.168.100.3,80,852,0.914116,89,0,1,0.646419,100,0.248928,0.357377,1.939174,1,DDoS,HTTP
3577008,udp,192.168.100.6,138,192.168.100.255,138,1997,0,5,0,4,0,5,0,0.001111,0,0,Normal,Normal
3576904,udp,192.168.100.150,8612,192.168.100.255,8612,3082,0,14,0.01005,4,0.01005,3,0,99.502487,0.01005,0,Normal,Normal
3577298,udp,192.168.100.3,43648,192.54.112.30,53,3697,0,29,0.197034,2,0.197034,2,0,0,0.197034,0,Normal,Normal
1650332,tcp,192.168.100.149,41734,192.168.100.3,80,123,0.943989,46,0,1,0.66754,100,0.262955,0.372819,2.002541,1,DDoS,HTTP
3577289,udp,192.168.100.3,56558,192.33.4.12,53,3679,0,29,0.168275,2,0.168275,1,0,0,0.168275,0,Normal,Normal
1651031,tcp,192.168.100.149,42228,192.168.100.3,80,779,0.014114,93,0,1,0.00998,100,0.591067,0.356808,0.029941,1,DDoS,HTTP
3577237,udp,192.168.100.147,42779,192.168.217.2,53,17499,0,11,0,4,0,20,0,0.399832,0,0,Normal,Normal
1650377,tcp,192.168.100.147,57084,192.168.100.3,80,168,0.021984,32,1.920416,1,1.9424,100,0.430821,0.560047,1.964383,1,DDoS,HTTP
1650583,tcp,192.168.100.150,54396,192.168.100.3,80,296,5.40E-05,54,0,1,3.10E-05,100,0.249024,0.091895,0.000125,1,DDoS,HTTP
3577327,udp,192.168.100.3,31685,205.251.196.32,53,3735,0,74,0.009492,2,0.009492,2,0,0,0.009492,0,Normal,Normal
1650878,tcp,192.168.100.149,42048,192.168.100.3,80,601,0.017536,79,9.70E-05,1,0.017632,100,0.291504,0.583009,0.035168,1,DDoS,HTTP
3577216,udp,192.168.100.149,38685,27.124.125.250,123,8557,0,9,0.048481,2,0.048481,3,0,0,0.048481,0,Normal,Normal
1650271,tcp,192.168.100.150,54130,192.168.100.3,80,30,1.613026,38,0,1,1.613026,40,0.619953,0.625404,3.226052,1,DDoS,HTTP
3576951,ipv6-icmp,fe80::250:56ff:febe:89ee,133,ff02::2,0,12539,0,1,0,8,0,1,0,0,0,0,Normal,Normal
1651072,tcp,192.168.100.149,42310,192.168.100.3,80,820,0.930759,93,0,1,0.658192,100,0.249451,0.35712,1.974484,1,DDoS,HTTP
1651149,tcp,192.168.100.149,42464,192.168.100.3,80,897,0.905149,89,0,1,0.640078,100,0.248814,0.357721,1.920153,1,DDoS,HTTP
1651197,tcp,192.168.100.149,42544,192.168.100.3,80,939,0.016631,89,7.90E-05,1,0.016709,100,0.293111,0.586222,0.03334,1,DDoS,HTTP
1650699,tcp,192.168.100.147,57302,192.168.100.3,80,449,0.000177,53,0,1,0.000102,100,0.249951,0.178416,0.000408,1,DDoS,HTTP
1650690,tcp,192.168.100.147,57292,192.168.100.3,80,440,4.20E-05,53,0,1,2.40E-05,100,0.250086,0.178408,9.60E-05,1,DDoS,HTTP
3577128,udp,192.168.100.148,56344,8.8.8.8,53,21458,0,14,0.007357,2,0.007357,19,0,0,0.007357,0,Normal,Normal
3577220,udp,192.168.100.148,56984,27.124.125.250,123,12642,0,20,0.04829,2,0.04829,3,0,0,0.04829,0,Normal,Normal
3576885,arp,192.168.100.1,-1,192.168.100.3,-1,9,2.00E-06,2,4.00E-06,2,6.00E-06,85,0.000836,0.000836,7.00E-06,0,Normal,Normal
1650980,tcp,192.168.100.147,57444,192.168.100.3,80,668,3.90E-05,45,0,1,2.30E-05,100,0.252343,0.239698,9.00E-05,1,DDoS,HTTP
1650591,tcp,192.168.100.147,57182,192.168.100.3,80,304,0.004672,25,9.80E-05,1,0.004771,100,0.2907,0.5814,0.009443,1,DDoS,HTTP
1650334,tcp,192.168.100.149,41738,192.168.100.3,80,125,0.944009,46,0,1,0.667556,100,0.262967,0.372832,2.002587,1,DDoS,HTTP
1650631,tcp,192.168.100.147,57222,192.168.100.3,80,401,0.485186,53,0,1,0.343079,100,0.493524,0.178343,1.029236,1,DDoS,HTTP
1651234,tcp,192.168.100.147,57560,192.168.100.3,80,983,0.004854,89,0,1,0.003432,96,0.593489,0.23749,0.010296,1,DDoS,HTTP
1651093,tcp,192.168.100.149,42352,192.168.100.3,80,841,0.915872,93,0,1,0.647665,100,0.248936,0.357291,1.942904,1,DDoS,HTTP
1651007,tcp,192.168.100.147,57466,192.168.100.3,80,679,5.50E-05,7,0,1,3.10E-05,100,0.274907,0.251915,0.000126,1,DDoS,HTTP
1651232,tcp,192.168.100.147,57556,192.168.100.3,80,981,0.002707,89,0,1,0.001914,96,0.593898,0.237484,0.005742,1,DDoS,HTTP
3576955,arp,192.168.100.4,-1,192.168.100.1,-1,13109,0,3,0.000251,2,0.000251,7,0,0,0.000251,0,Normal,Normal
1650991,tcp,192.168.100.149,42170,192.168.100.3,80,750,0.012019,55,0,1,0.008499,100,0.589831,0.356557,0.025496,1,DDoS,HTTP
3577207,udp,192.168.100.147,53363,192.168.217.2,53,5335,0,11,0,4,0,20,0,0.400023,0,0,Normal,Normal
3577262,udp,192.168.100.148,55376,192.168.217.2,53,1835,0,20,0,4,0,20,0,0.399831,0,0,Normal,Normal
3577034,udp,192.168.100.46,80,192.168.100.5,80,1,0.091445,3,3.56061,4,4.956414,3,0,18.047676,4.99944,0,Normal,Normal
1651242,tcp,192.168.100.147,57576,192.168.100.3,80,991,0.004451,89,0,1,0.003147,96,0.593809,0.23752,0.009442,1,DDoS,HTTP
1650525,tcp,192.168.100.150,54256,192.168.100.3,80,226,0.504088,54,0,1,0.356444,100,0.490627,0.091843,1.069332,1,DDoS,HTTP
1650912,tcp,192.168.100.149,41958,192.168.100.3,80,556,1.464874,55,0,1,1.464874,100,0.682653,0.506763,2.929747,1,DDoS,HTTP
1650908,tcp,192.168.100.147,57370,192.168.100.3,80,631,3.80E-05,45,0,1,2.20E-05,100,0.252369,0.239534,8.80E-05,1,DDoS,HTTP
3577015,udp,192.168.100.4,5353,224.0.0.251,5353,3687,0,5,0,4,0,2,0,0,0,0,Normal,Normal
1650897,tcp,192.168.100.149,42086,192.168.100.3,80,620,0.007896,79,7.90E-05,1,0.007975,100,0.291697,0.583394,0.015871,1,DDoS,HTTP
1650456,tcp,192.168.100.150,54264,192.168.100.3,80,230,0.983452,47,0,1,0.695405,100,0.420577,0.091846,2.086216,1,DDoS,HTTP
3577036,tcp,192.168.100.5,0,192.168.100.3,0,4,0.098533,1,3.455623,2,4.920921,5,0,11.01012,4.997121,0,Normal,Normal
1650601,tcp,192.168.100.150,54386,192.168.100.3,80,291,0.088777,27,0,1,0.051255,100,0.248818,0.11027,0.205021,1,DDoS,HTTP
1650494,tcp,192.168.100.150,54302,192.168.100.3,80,249,4.90E-05,47,0,1,2.80E-05,100,0.274724,0.09186,0.000113,1,DDoS,HTTP
3577300,udp,192.168.100.3,1285,192.5.5.241,53,3699,0,29,0.027786,2,0.027786,2,0,0,0.027786,0,Normal,Normal
1650532,tcp,192.168.100.148,55522,192.168.100.3,80,376,0.35405,21,0,1,0.250351,100,0.517525,0.100233,0.751054,1,DDoS,HTTP
1651167,tcp,192.168.100.150,54524,192.168.100.3,80,945,1.496896,11,0,1,1.058465,100,0.36482,0.221759,3.175396,1,DDoS,HTTP
3576906,udp,fe80::250:56ff:febe:254,8612,ff02::1,8612,3084,0,2,0.010024,4,0.010024,2,0,99.760574,0.010024,0,Normal,Normal
1651006,tcp,192.168.100.147,57464,192.168.100.3,80,678,5.10E-05,7,0,1,2.90E-05,100,0.274899,0.251911,0.000117,1,DDoS,HTTP
1650410,tcp,192.168.100.149,41662,192.168.100.3,80,53,1.481132,19,0,1,1.047361,100,0.291356,0.37206,3.141997,1,DDoS,HTTP
3577061,udp,192.168.100.149,41708,27.124.125.250,123,5411,0,12,0.04841,2,0.04841,4,0,0,0.04841,0,Normal,Normal
1650310,tcp,192.168.100.150,54230,192.168.100.3,80,101,0.008925,21,0.000101,1,0.009026,100,0.314287,0.628575,0.017951,1,DDoS,HTTP
1650300,tcp,192.168.100.150,54210,192.168.100.3,80,91,0.020798,38,0.000158,1,0.020956,40,0.314133,0.628265,0.041753,1,DDoS,HTTP
1650284,tcp,192.168.100.150,54156,192.168.100.3,80,43,2.117682,38,0,1,2.117682,40,0.472214,0.626353,4.235365,1,DDoS,HTTP
1650723,tcp,192.168.100.147,57322,192.168.100.3,80,471,5.10E-05,46,0,1,2.90E-05,100,0.249618,0.178441,0.000117,1,DDoS,HTTP
1651235,tcp,192.168.100.147,57562,192.168.100.3,80,984,0.004741,89,0,1,0.003352,96,0.593552,0.237496,0.010057,1,DDoS,HTTP
1650380,tcp,192.168.100.147,57090,192.168.100.3,80,171,0.019269,32,1.92195,1,1.941225,100,0.43064,0.560106,1.960499,1,DDoS,HTTP
1650761,tcp,192.168.100.149,41888,192.168.100.3,80,509,0.918042,45,0,1,0.649345,100,0.249191,0.357485,1.947653,1,DDoS,HTTP
3577156,udp,192.168.100.147,40191,8.8.8.8,53,31872,0,18,0.007486,2,0.007486,19,0,0,0.007486,0,Normal,Normal
1651100,tcp,192.168.100.149,42366,192.168.100.3,80,848,0.914068,93,0,1,0.646392,100,0.2489,0.357345,1.93908,1,DDoS,HTTP
1650624,tcp,192.168.100.150,54422,192.168.100.3,80,328,4.90E-05,27,0,1,2.90E-05,100,0.27173,0.093648,0.000114,1,DDoS,HTTP
1651022,tcp,192.168.100.149,42210,192.168.100.3,80,770,0.014773,93,0,1,0.010446,100,0.590713,0.356737,0.031339,1,DDoS,HTTP
1650975,tcp,192.168.100.147,57438,192.168.100.3,80,665,3.90E-05,45,0,1,2.30E-05,100,0.25232,0.239686,9.10E-05,1,DDoS,HTTP
1650788,tcp,192.168.100.147,57496,192.168.100.3,80,694,2.268793,46,0,1,1.604279,100,0.303463,0.531312,4.812836,1,DDoS,HTTP
1650459,tcp,192.168.100.150,54270,192.168.100.3,80,233,0.984037,47,0,1,0.695819,100,0.420414,0.091847,2.087457,1,DDoS,HTTP
1650716,tcp,192.168.100.149,41838,192.168.100.3,80,466,0.934849,45,0,1,0.661085,100,0.249769,0.35729,1.983161,1,DDoS,HTTP
3576979,udp,192.168.100.150,49402,8.8.8.8,53,14639,0,14,0.007175,2,0.007175,10,0,0,0.007175,0,Normal,Normal
1650347,tcp,192.168.100.149,41764,192.168.100.3,80,138,0.940271,46,0,1,0.664913,100,0.262869,0.372934,1.994656,1,DDoS,HTTP
1651118,tcp,192.168.100.149,42402,192.168.100.3,80,866,0.912384,89,0,1,0.645199,100,0.248931,0.357474,1.935504,1,DDoS,HTTP
1650500,tcp,192.168.100.150,54314,192.168.100.3,80,255,4.40E-05,47,0,1,2.60E-05,100,0.273885,0.091864,0.000102,1,DDoS,HTTP
1650509,tcp,192.168.100.147,57160,192.168.100.3,80,206,0.458171,25,0.969208,1,1.427379,100,0.433017,0.633124,1.885551,1,DDoS,HTTP
1650903,tcp,192.168.100.149,42098,192.168.100.3,80,626,0.004006,55,8.80E-05,1,0.004093,100,0.291744,0.583488,0.008099,1,DDoS,HTTP
1650750,tcp,192.168.100.147,57344,192.168.100.3,80,498,3.60E-05,46,0,1,2.10E-05,100,0.24931,0.178473,8.30E-05,1,DDoS,HTTP
3577064,udp,192.168.100.149,57424,8.8.8.8,53,5421,0.060596,12,0.158806,2,0.219402,14,8.067965,362.97641,0.279998,0,Normal,Normal
1650815,tcp,192.168.100.148,55552,192.168.100.3,80,521,1.330962,1,0,1,0.665489,100,0.170657,0.225121,3.327412,1,DDoS,HTTP
1650978,tcp,192.168.100.147,57440,192.168.100.3,80,666,3.70E-05,45,0,1,2.20E-05,100,0.252329,0.239691,8.60E-05,1,DDoS,HTTP
1651126,tcp,192.168.100.149,42418,192.168.100.3,80,874,0.908649,89,0,1,0.642553,100,0.248822,0.357541,1.927577,1,DDoS,HTTP
1650721,tcp,192.168.100.147,57320,192.168.100.3,80,469,5.20E-05,46,0,1,3.00E-05,100,0.249607,0.178437,0.000119,1,DDoS,HTTP
3577266,arp,192.168.100.27,-1,192.168.100.1,-1,3060,2.20E-05,4,6.80E-05,2,9.30E-05,10,0.002486,0.002486,0.000122,0,Normal,Normal
1650328,tcp,192.168.100.149,41726,192.168.100.3,80,119,0.945829,46,0,1,0.668854,100,0.263018,0.372786,2.006458,1,DDoS,HTTP
1650610,tcp,192.168.100.149,41800,192.168.100.3,80,319,0.006137,17,0.000105,1,0.006242,100,0.327037,0.654073,0.012379,1,DDoS,HTTP
1650468,tcp,192.168.100.148,55476,192.168.100.3,80,353,1.932669,18,0,1,1.886662,100,0.054574,0.254677,4.892825,1,DDoS,HTTP
1650516,tcp,192.168.100.150,54238,192.168.100.3,80,217,0.494266,54,0,1,0.349499,100,0.492259,0.091837,1.048497,1,DDoS,HTTP
1650734,tcp,192.168.100.149,41860,192.168.100.3,80,482,0.923577,45,0,1,0.653239,100,0.249347,0.357378,1.959374,1,DDoS,HTTP
1650683,tcp,192.168.100.147,57286,192.168.100.3,80,435,6.50E-05,53,0,1,3.80E-05,100,0.250069,0.178403,0.00015,1,DDoS,HTTP
1651001,tcp,192.168.100.149,42182,192.168.100.3,80,756,0.013366,93,0,1,0.009451,100,0.591517,0.356616,0.028354,1,DDoS,HTTP
1650773,tcp,192.168.100.148,55554,192.168.100.3,80,522,1.495136,1,0,1,1.055918,100,0.359546,0.306985,3.296264,1,DDoS,HTTP
1650997,tcp,192.168.100.149,42180,192.168.100.3,80,755,0.013462,55,0,1,0.009519,100,0.590054,0.356603,0.028557,1,DDoS,HTTP
1651230,tcp,192.168.100.147,57552,192.168.100.3,80,979,0.002811,89,0,1,0.001988,96,0.594268,0.237476,0.005963,1,DDoS,HTTP
3576913,udp,192.168.100.148,33862,192.168.217.2,53,4134,0,12,0,4,0,8,0,0.399813,0,0,Normal,Normal
3577080,tcp,192.168.100.3,58256,172.217.25.170,443,5443,0.138228,23,0.00603,6,0.103319,2,0.087675,0.12859,0.341582,0,Normal,Normal
1650371,tcp,192.168.100.147,57072,192.168.100.3,80,162,0.499152,32,1.952268,1,2.45142,100,0.375034,0.502435,2.950572,1,DDoS,HTTP
1651185,tcp,192.168.100.149,42516,192.168.100.3,80,925,0.892247,89,0.000288,1,0.892536,100,0.594623,0.732064,1.784783,1,DDoS,HTTP
3576989,udp,192.168.100.27,5353,224.0.0.251,5353,23867,0,2,0,4,0,24,0,0,0,0,Normal,Normal
3577025,udp,192.168.100.7,138,192.168.100.255,138,1991,1.40E-05,5,6.80E-05,4,8.20E-05,5,0,0.004119,9.50E-05,0,Normal,Normal
1650428,tcp,192.168.100.149,41692,192.168.100.3,80,75,1.458634,19,0,1,1.031473,100,0.290257,0.372302,3.094293,1,DDoS,HTTP
1650308,tcp,192.168.100.150,54226,192.168.100.3,80,99,0.012423,21,9.80E-05,1,0.01252,100,0.314243,0.628486,0.024943,1,DDoS,HTTP
1650439,tcp,192.168.100.147,57122,192.168.100.3,80,187,0.518821,16,0.911233,1,1.430054,100,0.503843,0.632663,1.948875,1,DDoS,HTTP
1650736,tcp,192.168.100.149,41862,192.168.100.3,80,484,0.923557,45,0,1,0.653295,100,0.249353,0.357385,1.959402,1,DDoS,HTTP
3577021,udp,192.168.100.150,45932,27.124.125.250,123,4286,0,14,0.048539,2,0.048539,4,0,0,0.048539,0,Normal,Normal
3577357,udp,192.168.100.3,36242,205.251.194.102,53,3808,0,74,0.293476,2,0.293476,2,0,0,0.293476,0,Normal,Normal
1650280,tcp,192.168.100.150,54148,192.168.100.3,80,39,2.115561,38,0,1,2.115561,40,0.472688,0.625994,4.231123,1,DDoS,HTTP
1650553,tcp,192.168.100.150,54332,192.168.100.3,80,264,5.40E-05,54,0,1,3.10E-05,100,0.249303,0.091871,0.000125,1,DDoS,HTTP
3577078,udp,192.168.100.3,24460,192.112.36.4,53,5441,0,23,0.143069,2,0.143069,2,0,0,0.143069,0,Normal,Normal
3577018,arp,192.168.100.4,-1,192.168.100.7,-1,485,4.10E-05,5,0.00016,2,0.000212,2,0.002751,0.002751,0.000262,0,Normal,Normal
1651101,tcp,192.168.100.149,42368,192.168.100.3,80,849,0.914077,89,0,1,0.646402,100,0.248908,0.357354,1.939102,1,DDoS,HTTP
3577152,udp,192.168.100.150,36951,8.8.8.8,53,31709,0,18,0.007909,2,0.007909,19,0,0,0.007909,0,Normal,Normal
3576899,udp,192.168.100.149,34295,8.8.8.8,53,1110,0,26,0.007698,2,0.007698,2,0,0,0.007698,0,Normal,Normal
1651136,tcp,192.168.100.149,42438,192.168.100.3,80,884,0.908775,89,0,1,0.642643,100,0.248895,0.357625,1.927845,1,DDoS,HTTP
1650473,tcp,192.168.100.148,55488,192.168.100.3,80,359,2.266046,18,0,1,1.602337,100,0.304487,0.092683,4.80701,1,DDoS,HTTP
1650687,tcp,192.168.100.148,55478,192.168.100.3,80,354,0.442126,3,0,1,0.255262,100,0.275823,0.109148,1.021046,1,DDoS,HTTP
3577003,udp,192.168.100.149,35541,27.124.125.250,123,1217,0,12,0.049033,2,0.049033,4,0,0,0.049033,0,Normal,Normal
3576947,udp,192.168.100.4,5353,224.0.0.251,5353,11519,0,3,0,4,0,24,0,0,0,0,Normal,Normal
1650943,tcp,192.168.100.149,42116,192.168.100.3,80,723,0.011456,55,0,1,0.0081,100,0.589182,0.356329,0.024301,1,DDoS,HTTP
1651051,tcp,192.168.100.149,42268,192.168.100.3,80,799,0.936188,93,0,1,0.662026,100,0.249561,0.356962,1.985996,1,DDoS,HTTP
1650482,tcp,192.168.100.148,55506,192.168.100.3,80,368,1.164315,18,0,1,0.475336,100,0.081418,0.245626,3.327314,1,DDoS,HTTP
1650917,tcp,192.168.100.149,41970,192.168.100.3,80,562,1.468667,55,0,1,1.468667,100,0.68089,0.506816,2.937334,1,DDoS,HTTP
3576991,tcp,192.168.100.5,0,192.168.100.3,0,3,0.026395,7,4.889463,2,4.945239,7,0,10.964783,4.997683,0,Normal,Normal
1650318,tcp,192.168.100.149,41706,192.168.100.3,80,109,0.926897,46,0,1,0.655468,100,0.261987,0.372655,1.966299,1,DDoS,HTTP
1651161,tcp,192.168.100.149,42488,192.168.100.3,80,909,0.905292,89,0,1,0.640179,100,0.248897,0.357817,1.920455,1,DDoS,HTTP
1650444,tcp,192.168.100.147,57132,192.168.100.3,80,192,0.428362,16,1.000878,1,1.42924,100,0.434738,0.632785,1.857601,1,DDoS,HTTP
1650576,tcp,192.168.100.150,54378,192.168.100.3,80,287,4.50E-05,54,0,1,2.60E-05,100,0.249195,0.091889,0.000105,1,DDoS,HTTP
3577309,udp,192.168.100.3,43980,205.251.194.86,53,3715,0,74,0.294063,2,0.294063,2,0,0,0.294063,0,Normal,Normal
1650370,tcp,192.168.100.147,57070,192.168.100.3,80,161,0.489018,32,1.964202,1,2.45322,100,0.375584,0.502424,2.942238,1,DDoS,HTTP
1651202,tcp,192.168.100.149,42554,192.168.100.3,80,944,0.015552,7,0.000101,1,0.015653,96,0.293162,0.586324,0.031205,1,DDoS,HTTP
1650616,tcp,192.168.100.147,57206,192.168.100.3,80,393,0.47804,53,0,1,0.338026,100,0.495318,0.178332,1.014077,1,DDoS,HTTP
1650641,tcp,192.168.100.147,57236,192.168.100.3,80,408,0.966186,53,0,1,0.683197,100,0.422995,0.178358,2.04959,1,DDoS,HTTP
1651160,tcp,192.168.100.149,42486,192.168.100.3,80,908,0.905281,89,0,1,0.640173,100,0.248887,0.357805,1.920434,1,DDoS,HTTP
1650364,tcp,192.168.100.147,57058,192.168.100.3,80,155,1.508152,32,1.967981,1,3.476133,100,0.299076,0.666729,4.984285,1,DDoS,HTTP
1651192,tcp,192.168.100.149,42530,192.168.100.3,80,932,0.890338,89,0.000308,1,0.890647,100,0.594621,0.73247,1.780985,1,DDoS,HTTP
1650558,tcp,192.168.100.150,54342,192.168.100.3,80,269,4.50E-05,54,0,1,2.60E-05,100,0.249275,0.091875,0.000105,1,DDoS,HTTP
1650378,tcp,192.168.100.147,57086,192.168.100.3,80,169,0.019102,32,1.922224,1,1.941319,100,0.4306,0.560071,1.960415,1,DDoS,HTTP
1650477,tcp,192.168.100.148,55496,192.168.100.3,80,363,2.266478,18,0,1,1.602642,100,0.304432,0.092687,4.807926,1,DDoS,HTTP
1650728,tcp,192.168.100.147,57326,192.168.100.3,80,476,6.60E-05,46,0,1,3.80E-05,100,0.249472,0.178447,0.000153,1,DDoS,HTTP
1650970,tcp,192.168.100.147,57432,192.168.100.3,80,662,4.80E-05,45,0,1,2.80E-05,100,0.252292,0.239671,0.000112,1,DDoS,HTTP
1650512,tcp,192.168.100.147,57166,192.168.100.3,80,209,0.465166,25,0.961271,1,1.426437,100,0.432568,0.633184,1.891603,1,DDoS,HTTP
3577254,udp,192.168.100.149,58139,192.168.217.2,53,26978,0,9,0,4,0,20,0,0.399829,0,0,Normal,Normal
1650340,tcp,192.168.100.149,41750,192.168.100.3,80,131,0.942152,46,0,1,0.666248,100,0.26292,0.372885,1.998652,1,DDoS,HTTP
1650400,tcp,192.168.100.150,54102,192.168.100.3,80,16,0.679139,21,0.001042,1,0.680181,100,0.594156,0.780213,1.35932,1,DDoS,HTTP
1650388,tcp,192.168.100.147,57106,192.168.100.3,80,179,0.014539,32,1.923574,1,1.938113,100,0.430312,0.560265,1.952652,1,DDoS,HTTP
3577259,udp,192.168.100.148,46152,224.0.0.251,5353,1671,0,20,0,4,0,8,0,0,0,0,Normal,Normal
1650314,tcp,192.168.100.150,54236,192.168.100.3,80,105,0.001239,21,9.70E-05,1,0.001336,100,0.314341,0.628682,0.002574,1,DDoS,HTTP
1650647,tcp,192.168.100.150,54442,192.168.100.3,80,338,4.80E-05,27,0,1,2.80E-05,100,0.271756,0.093656,0.000111,1,DDoS,HTTP
1650913,tcp,192.168.100.147,57376,192.168.100.3,80,634,1.80E-05,45,0,1,1.00E-05,100,0.252304,0.239545,4.20E-05,1,DDoS,HTTP
1650499,tcp,192.168.100.150,54312,192.168.100.3,80,254,4.40E-05,47,0,1,2.60E-05,100,0.273875,0.091864,0.000102,1,DDoS,HTTP
1650268,tcp,192.168.100.150,54124,192.168.100.3,80,27,1.613153,38,0,1,1.613153,40,0.619904,0.625056,3.226305,1,DDoS,HTTP
3576890,arp,192.168.100.1,-1,192.168.100.27,-1,15,0,2,0.000367,2,0.000367,1,0,0,0.000367,0,Normal,Normal
1650455,tcp,192.168.100.150,54262,192.168.100.3,80,229,0.981447,47,0,1,0.693988,100,0.420788,0.091845,2.081964,1,DDoS,HTTP
1650896,tcp,192.168.100.149,42084,192.168.100.3,80,619,0.011949,79,7.90E-05,1,0.012028,100,0.291683,0.583366,0.023977,1,DDoS,HTTP
3577342,udp,192.168.100.3,13875,205.251.197.206,53,3776,0,74,0.01041,2,0.01041,2,0,0,0.01041,0,Normal,Normal
1650873,tcp,192.168.100.149,42038,192.168.100.3,80,596,0.019444,79,8.00E-05,1,0.019524,100,0.291453,0.582906,0.038969,1,DDoS,HTTP
3577356,udp,192.168.100.3,56446,192.52.178.30,53,3807,0,74,0.167859,2,0.167859,1,0,0,0.167859,0,Normal,Normal
1651012,tcp,192.168.100.149,42190,192.168.100.3,80,760,0.012845,93,0,1,0.009083,100,0.591275,0.356661,0.027249,1,DDoS,HTTP
1650740,tcp,192.168.100.149,41868,192.168.100.3,80,488,0.923683,45,0,1,0.65319,100,0.249371,0.357404,1.959475,1,DDoS,HTTP
1650666,tcp,192.168.100.150,54456,192.168.100.3,80,345,4.80E-05,27,0,1,2.80E-05,100,0.271733,0.093662,0.000111,1,DDoS,HTTP
1650361,tcp,192.168.100.147,57054,192.168.100.3,80,152,0.803471,32,0,1,0.991287,100,0.271794,0.461336,1.96793,1,DDoS,HTTP
3577347,udp,192.168.100.3,52681,205.251.195.59,53,3784,0,74,0.283913,2,0.283913,2,0,0,0.283913,0,Normal,Normal
3577182,udp,192.168.100.150,40888,224.0.0.251,5353,4226,0,18,0,4,0,21,0,0,0,0,Normal,Normal
3576936,tcp,192.168.100.3,56312,52.35.35.13,443,6765,0.331883,20,0.15452,6,0.292655,1,0.210558,0.275345,1.105515,0,Normal,Normal
1650478,tcp,192.168.100.148,55498,192.168.100.3,80,364,2.266499,18,0,1,1.602657,100,0.304438,0.092687,4.807971,1,DDoS,HTTP
1650540,tcp,192.168.100.148,55538,192.168.100.3,80,384,0.354816,21,0,1,0.250893,100,0.517372,0.100237,0.752678,1,DDoS,HTTP
1651131,tcp,192.168.100.149,42428,192.168.100.3,80,879,0.908701,89,0,1,0.642593,100,0.248862,0.357589,1.92769,1,DDoS,HTTP
3577272,tcp,192.168.100.6,80,192.168.100.3,80,8,0.058922,1,4.448159,2,4.882988,4,0,6.897131,4.999998,0,Normal,Normal
1651021,tcp,192.168.100.149,42208,192.168.100.3,80,769,0.014862,93,0,1,0.010509,100,0.590674,0.356729,0.031528,1,DDoS,HTTP
3577047,udp,192.168.100.3,40757,192.41.162.30,53,4027,0,23,0.167138,2,0.167138,1,0,0,0.167138,0,Normal,Normal
1650362,tcp,192.168.100.148,55468,192.168.100.3,80,153,1.211636,1,0,1,0.605878,100,0.275841,0.128892,3.02915,1,DDoS,HTTP
3577005,ipv6-icmp,fe80::250:56ff:febe:254,133,ff02::2,0,1294,0,1,0,8,0,3,0,0,0,0,Normal,Normal
3577063,arp,192.168.100.149,-1,192.168.100.1,-1,5420,2.40E-05,12,3.20E-05,2,7.30E-05,12,0.003524,0.003524,9.10E-05,0,Normal,Normal
1651189,tcp,192.168.100.149,42526,192.168.100.3,80,930,0.8923,89,0.000287,1,0.892587,100,0.594968,0.732367,1.784887,1,DDoS,HTTP
1650816,tcp,192.168.100.149,41980,192.168.100.3,80,567,0.082319,79,1.018279,1,1.100598,100,0.298148,0.633633,1.182917,1,DDoS,HTTP
3576917,udp,192.168.100.148,52865,8.8.8.8,53,4241,0,12,0.00743,2,0.00743,10,0,0,0.00743,0,Normal,Normal
1650756,tcp,192.168.100.147,57350,192.168.100.3,80,504,4.20E-05,46,0,1,2.40E-05,100,0.249246,0.178478,9.60E-05,1,DDoS,HTTP
3577131,udp,192.168.100.147,40684,8.8.8.8,53,22462,0,18,0.008054,2,0.008054,19,0,0,0.008054,0,Normal,Normal
1650487,tcp,192.168.100.150,54288,192.168.100.3,80,242,5.80E-05,47,0,1,3.40E-05,100,0.274938,0.091855,0.000135,1,DDoS,HTTP
3577223,udp,192.168.100.27,58999,192.168.100.1,53,17094,0,4,0.180937,2,0.180937,10,0,0,0.180937,0,Normal,Normal
1650605,tcp,192.168.100.149,41794,192.168.100.3,80,316,0.006476,17,9.90E-05,1,0.006575,100,0.326959,0.653918,0.013051,1,DDoS,HTTP
